8G	language_code	zh_CN	zh_TW	en_US	ko_KR	vi_VN	th_TH	in_ID	ja_JP	ru_RU	pt_PT	es_ES	ar_IL	tr_TR	fr_FR	de_DE	it_IT	fa_IR	ms_MY	uk_UA
Language	language_name	简体中文	繁體中文	English	한국어	Tiếng Việt	ไทย	Indonesia	日本語	Русский	Português	Español	العربية	Türkçe	Français	Deutsch	Italiano	فارسی	Malaysia	Українська
Label	Title_wndTitle	雷电模拟器	雷電模擬器	LDPlayer	LDPlayer	LDPlayer	LDPlayer	LDPlayer	LDPlayer	LDPlayer	LDPlayer	LDPlayer	LDPlayer	LDPlayer	LDPlayer	LDPlayer	LDPlayer	LDPlayer	LDPlayer	LDPlayer
Label	Label_installing_waiting	正在安装, 请稍等~	正在安裝，請稍等~	Installing... Please wait patiently	설치하는 동안 잠시 기다려 주세요	Đang cài đặt, vui lòng chờ	กำลังติดตั้งอยู่ โปรดรอ~	Sedang menginstal, harap tunggu	インストール中	Установка	Instalando, um momento~	Descargando, esperes~	جارِ التثبيت، برجاء الانتظار	Yükleniyor, lütfen bekleyin	En cours d'installation,veuillez patienter~	herunterladen...Warte bitte	In corso l'installazione, attendi per favore~	در حال نصب ، لطفا صبر کنید	Sedang dipasang, sila tunggu~	Встановлення в процесі, зачекайте, будь ласка~
Label	Label_getversion_info	正在获取版本信息	正在獲取版本資訊	Getting version info...	버전 정보 확인 중...	Đang nhận thông tin phiên bản phần mềm	กำลังรับข้อมูลเวอร์ชัน	Dapatkan info versi	バージョン情報取得中	Получение информации о версии	Obtendo informções de verção	Obteniendo información de versión	الحصول على معلومات الإصدار	Sürüm bilgilerini al	Obtenir des info sur la version	Versionsinformationen wird abgerufen...	Recupero delle informazioni sulla versione in corso	اطلاعات نسخه را دریافت کنید	Mendapatkan maklumat versi	Отримання інформації про версію в процесі
Label	Label_downloading	正在下载 ...	正在下載...	Downloading...	다운로드 중 	Đang tải	กำลังดาวน์โหลด	Mendownload	ダウンロード中	Загрузка	Baixando	Descargando	جارِ التنزيل...	İndiriliyor	Téléchargement	Herunterladen...	Download in corso	در حال بارگیری(	Sedang dimuat turun	Завантаження в процесі
Label	Button_install_now	立即安装	立即安裝	Install	설치	Cài đặt ngay	ติดตั้งตอนนี้	Install	インストール	УСТАНОВКА	Baixe já	Descargar ahora	تثبيت	Düzenle	Installer	Installiere sofort	Installazione immediata	نصب	Pasang sekarang	Встановити зараз
Label	Button_install_fast	快速安装	直接安裝	Install	빠른 설치	Cài đặt nhanh	ติดตั้งอรวดเร็ว	Install	インストール	УСТАНОВКА	Instalação rápida	Instalación rápida	تثبيت	Düzenle	Installer	Installieren	Installazione rapida	نصب	Pasang cepat	Швидка установка
Label	Button_start_player	立即体验	立即體驗	Start	바로 시작	Khởi động	ลองเลย	Mulai	スタート	Запускать	Exprimente já	Probar ahora	بدء	Başlat	Démarrer	Starten	Esperienza immediata	شروع کنید	Cuba sekarang	Спробувати зараз
Label	MsgBox_error	错误	錯誤	Error	에러	Lỗi	ผิดพลาด	kesalahan	エラー	Ошибка	Erro	Error	حدث خطأ	Hata	Erreur	Fehler	Errore	خطا	Ralat	Помилка
Label	no_network	网络连接失败，请检查网络后重试	網絡連接失敗，請檢查網絡後重試	No network, please check and try again	네트워크 상태가 불안정합니다. 확인 후 다시 시도해 주세요	Lỗi kết nối mạng. Vui lòng kiểm tra lại	No network, please check and try again	No network, please check and try again	ネットワークエラー、確認して再試行してください	No network, please check and try again	No network, please check and try again	No network, please check and try again	No network, please check and try again	No network, please check and try again	No network, please check and try again	No network, please check and try again	No network, please check and try again	No network, please check and try again	No network, please check and try again	No network, please check and try again
Message	install_mainframe_running_notice	检测到模拟器正在运行，继续安装将会退出	主程式正在運作！是否關閉主程式？	LDPlayer is running! Do you want to close LDPlayer first?	LDPlayer가 실행 중입니다. 종료 후 다시 시도하시겠습니까?	Ứng dụng đang vận hành! Xác nhận tắt?	โปรเเกรมหลักกำลังเปิดอยู่  ต้องการปิดโปรเเกรมหลักหรือไม่?	Program utama sedang berjalan! Apakah Anda ingin menutup program utama?	LDPLayerが実行中です、インストールを続けると終了します	Основной эмулятор запущен. Хотите закрыть программу?	O emulador está executando! Se quer fechar o emulador?	El emulador principal está en ejecución. ¿Quieres continuar la instalación?	البرنامج الرئيسي قيد التشغيل! هل البرنامج الرئيسي مغلق؟	Simülatör çalışıyor! Kapatmak ister misin?	En cours d'exécution ! Voulez-vous le fermer?	Das Programm läuft bereits! Möchtest du es schließen?	Il giocatore sta correndo! Vuoi chiuderlo?	برنامه اصلی در حال اجراست، آیا می‌خواهید آن را ببندید؟	Pemain sedang berjalan! Adakah anda mahu menutupnya?	Емулятор запущений! Ви хочете закрити його?
Label	install_path_error_tip	当前安装路径不可用，请重新选择安装路径	當前安裝路徑不可用，請重新選擇安裝位置	The current installation path is unavailable. Please select another installation path	해당 경로에 설치하실 수 없습니다. 경로 변경 후 다시 시도하여 주세요	Đường dẫn cài đặt này không hợp lệ. Vui lòng tùy chỉnh lại	เส้นทางการติดตั้งปัจจุบันไม่พร้อมใช้งาน กรุณาเลือกเส้นทางการติดตั้งใหม่	Jalur instalasi saat ini tidak tersedia. Harap pilih jalur instalasi lain.	現在のインストールパスは使用できません、別のインストールパスを選択してください	Текущий путь установки недоступен. Выберите другой путь установки	A rota atual indisponível, escolhe novamente uma nova rota de instalação	La ruta de instalación actual no es válida, selecciona una nueva ruta de instalación. 	مسار التثبيت الحالي غير متاح. يُرجى اختيار مسار تثبيت آخر.	Geçerli kurulum yolu kullanılamıyor. Lütfen başka bir kurulum yolu seçin.	Le chemin d'installation actuel est indisponible. Veuillez sélectionner un autre chemin d'installation.	Der aktuelle Installationspfad ist nicht verfügbar. Bitte wählen Sie einen anderen Installationspfad.	Il percorso di installazione attuale non è disponibile. Per favore, seleziona un altro percorso di installazione.	مسیر نصب فعلی در دسترس نیست. لطفاً مسیر نصب دیگری را انتخاب کنید.	Jalan pemasangan semasa tidak tersedia. Sila pilih jalan pemasangan lain.	Поточний шлях встановлення недоступний. Будь ласка, виберіть інший шлях встановлення.
Label	continue_install	继续安装	繼續安裝	Install	확인	Cài đặt ngay	ติดตั้ง	Install	インストール	УСТАНОВКА	Baixe já	Descargar ahora	تثبيت	Düzenle	Installer	Installiere sofort	Installazione immediata	نصب	Pasang sekarang	Встановити зараз
Button	install_overlay_install	覆盖安装	覆蓋安裝	Overwrite install	덮어쓰기 설치	Cài đặt	ติดตั้งซ้อนทับ	Instal	上書きする	Установка	Cobrir instalações	Instalación sobrescrita	التثبيت بدلأ منه	Üzerine yükle	Installer	Installieren	Installare	نصب روی نسخه‌ی قبل	Pasang	Встановлення
Label	update_cancel_insatll	取消安装	取消安裝	Cancel the installation	취소	Hủy cài đặt	ยกเลิกติดตั้ง	Batalkan instalasi	キャンセル	Отменить установку	Cancelar a instalação	Cancelar la instalación	إلغاء التثبيت	Yüklemeyi iptal et	Annuler l'installation	Installation abbrechen	Annullare l'installazione	لغو نصب	Batalkan pemasangan	Відмінити встановлення
Label	protocol_accept_playerx	已阅读并同意LDPlayerX	已閱讀並同意LDPlayerX	Read and agree to LDPlayerX	라이선스를 읽었으며 동의하기	Đã đọc và đồng ý với LDPlayerX	ได้อ่านและยอมรับ LDPlayerX	Baca dan setujui LDPlayerX	LDPlayerXを読み、同意します	Прочитали и согласены с	Li e aceito LDPlayerX	Leer y aceptar LDPlayerX	قد قرأت ووافقت علىLDPlayerX	LDPlayer'ı okuyun ve kabul edin	Lu et approuvé	Lesen und akzeptieren	Ho letto e accetto il LDPlayer	LDPlayer را بخوانید و با آن موافقت کنید	Saya telah membaca dan bersetuju dengan LDPlayer	Я прочитав і згоден з умовами використання симулятора LDPlayer
Label	turn_tip_1	全新雷电9，突破性能极限，重新定义“硬核模拟器”	全新雷電9，突破效能極限，重新定義“硬核模擬器”	New LDPlayer 9 breaks through the limit of performance	LDPlayer 9로 즐기는 모바일 세상	Phần mềm giả lập hoàn toàn mới - LDPlayer 9, hiệu năng vượt trội, xứng đáng là "giả lập tuyệt vời trên PC"	เวอร์ชั่น ใหม่ของ LDPlayer 9 ผลักดันขีดจำกัดของประสิทธิภาพ นิยามอีมูเลเตอร์ใหม่	New LDPlayer 9 breaks through the limit of performance	性能の限界を突破し、エミュレーターを再定義！	Новый LDPlayer 9 преодолевает предел производительности	Novo LDPlayer 9 ultrapassa o limite de desempenho	LDPlayer 9 rompe los límites de rendimiento y redefine el concepto de "emulador de alta potencia".	New LDPlayer 9 breaks through the limit of performance	New LDPlayer 9 breaks through the limit of performance	New LDPlayer 9 breaks through the limit of performance	New LDPlayer 9 breaks through the limit of performance	New LDPlayer 9 breaks through the limit of performance	New LDPlayer 9 breaks through the limit of performance	New LDPlayer 9 breaks through the limit of performance	New LDPlayer 9 breaks through the limit of performance
Label	turn_tip_2	整体性能提升30%，帧率提升10~15帧（80%游戏实测）	整體效能提升30%，幀率提升10~15幀（80%遊戲實測）	Overall performace optimized by 30%	비약적으로 강화된 시스템, 획기적인 도약을 이뤄낸 성능까지!	Hiện năng +30%, tốc độ khung hình +15FPS (kết quả test 80% game mobile) 	ประสิทธิภาพโดยรวมดีขึ้น 30% และอัตราเฟรมเพิ่มขึ้น 10~15 เฟรม (ทดสอบเกมจริง 80%)	Overall performace optimized by 30%	全体性能30％向上、10〜15FPSアップ	Общая производительность оптимизирована на 30%	Desempenho geral otimizado em 30%	Rendimiento general optimizado en un 30%	Overall performace optimized by 30%	Overall performace optimized by 30%	Overall performace optimized by 30%	Overall performace optimized by 30%	Overall performace optimized by 30%	Overall performace optimized by 30%	Overall performace optimized by 30%	Overall performace optimized by 30%
Label	turn_tip_3	3秒启动，启动模拟器快如闪电（Intel 12600K实测）	3秒啟動，啟動模擬器快如閃電（Inter 12600K CPU實測）	Launch like a flash	고프레임으로 쉽고 빠르게 게임을 플레이해 보세요	Khởi động nhanh chỉ cần 3s (kết quả test dựa trên CPU Intel 12600K)	3 วินาทีในการเริ่ม เริ่มอีมูเลเตอร์เร็วเหมือนสายฟ้า (วัดจาก Intel 12600K)	Launch like a flash	3秒で爆速起動、軽快なエミュレータ	Запуск как вспышка	Lance como um flash	Inicio rápido como un rayo	Launch like a flash	Launch like a flash	Launch like a flash	Launch like a flash	Launch like a flash	Launch like a flash	Launch like a flash	Launch like a flash
Label	turn_tip_4	全新功能，手机远程控制模拟器，免费无限制	全新功能，手機遠端遙控模擬器，免費不受限制	Remote control your LDPlayer with your phone	언제 어디서나 환경을 가리지 않는 원격제어!	Tính năng mới: điều khiển từ xa giả lập LDPlayer bằng điện thoại	ฟังก์ชั่นใหม่ ควบคุมระยะไกลด้วยโทรศัพท์มือถือ และใช้งานเป็นฟรี	Remote control your LDPlayer with your phone	新機能！リモートコントロール、無料と無制限	Удаленное управление вашим LDPlayer с помощью телефона	Controle remotamente seu LDPlayer com seu telefone	Controla tu LDPlayer remotamente con tu teléfono	Remote control your LDPlayer with your phone	Remote control your LDPlayer with your phone	Remote control your LDPlayer with your phone	Remote control your LDPlayer with your phone	Remote control your LDPlayer with your phone	Remote control your LDPlayer with your phone	Remote control your LDPlayer with your phone	Remote control your LDPlayer with your phone
Label	turn_tip_5	不在电脑前，手机随时远程做日常，不废手机不耗电	無論身在何處，手機隨時遠端完成日常任務，不廢手機不耗電	Play from anywhere and anytime with full access to your LDPlayer.	언제 어디서든 원격으로 액세스하여 파일을 보거나 게임을 실행하세요	Chạy daily game, đâu cần phải ngồi trước máy tính	สามารถควบคุมคอมได้อย่างอิสระ ไม่ต้องนั่งอยู่หน้าคอม	Play from anywhere and anytime with full access to your LDPlayer.	いつでも、どこでもリモートでデイリークエスト	Играть везде и вседа с полным доступом к вашему LDPlayer	Jogue de qualquer lugar e a qualquer hora com acesso total ao seu LDPlayer.	Juega desde cualquier lugar y en cualquier momento con acceso completo a tu LDPlayer.	Play from anywhere and anytime with full access to your LDPlayer.	Play from anywhere and anytime with full access to your LDPlayer.	Play from anywhere and anytime with full access to your LDPlayer.	Play from anywhere and anytime with full access to your LDPlayer.	Play from anywhere and anytime with full access to your LDPlayer.	Play from anywhere and anytime with full access to your LDPlayer.	Play from anywhere and anytime with full access to your LDPlayer.	Play from anywhere and anytime with full access to your LDPlayer.
Label	turn_tip_6	深度融合云技术，电脑秒变N台云手机，24h在线玩	深度融合雲端技術，電腦秒變N臺模擬器設備，24H線上體驗遊戲	Enhance remote your gameplay with our advanced cloud technology	모든 Android 기기와 iOS 화면 공유 기능을 제공합니다	Công nghệ Cloud tiên tiến, biến máy tính thành cloud phone chỉ trong 1 nốt nhạc, giúp cày game xuyên 24h	สามารถควบคุมคอมด้วยมือถือได้อย่างอิสระโดยไม่ต้องนั่งอยู่หน้าคอม 	Enhance remote your gameplay with our advanced cloud technology	最新のクラウド技術、24時間オンラインプレイが可能	Улучшить удаленный игровой процесс с помощью нашей  облачной технологии	Aprimore seu jogo remotamente com nossa avançada tecnologia em nuvem	Mejora la jugabilidad remota con nuestra avanzada tecnología en la nube	Enhance remote your gameplay with our advanced cloud technology	Enhance remote your gameplay with our advanced cloud technology	Enhance remote your gameplay with our advanced cloud technology	Enhance remote your gameplay with our advanced cloud technology	Enhance remote your gameplay with our advanced cloud technology	Enhance remote your gameplay with our advanced cloud technology	Enhance remote your gameplay with our advanced cloud technology	Enhance remote your gameplay with our advanced cloud technology
Label	Title_wndTitle_playerx	LDPlayerX下载器	LDPlayerX下載器	LDPlayerX Installer	LDPlayerX 설치 관리자	Trình tải LDPlayerX	LDPlayerX Installer	Penginstal LDPlayer	LDPlayerXインストーラー	Установщик LDPlayer	Instalador de LDPlayer	LDPlayer Instalador	مثبت LDPlayer	LDPlayer Yükleyici	Installer LDPlayer	LDPlayer-Downloader	LDPlayer Installer	LDPlayer نصاب	LDPlayer Installer	LDPlayer Installer
Label	MsgBox_exit_playerx	是否停止安装LDPlayerX？	確定要取消安裝LDPlayerX？	Do you want to cancel the installation?	LDPlayer 설치를 취소하시겠습니까?	Hủy cài đặt LDPlayerX?	ยืนยันที่จะหยุดการติดตั้ง LDPlayerX？	Apakah Anda ingin menghentikan penginstalan?	インストールを中止しますか？	Вы уверены, что прекратить установку?	Quer parar a instalação de emulador?	¿Deseas cancelar la descarga del emulador?	هل تريد إيقاف التثبيت؟	Kurulumu durdurmak istiyor musunuz?	Voulez-vous arrêter l'installation?	Bist du sicher, die Installation des Emulators zu stoppen?	Vuoi interrompere l'installazione del simulatore?	آیا می خواهید نصب را متوقف کنید؟	Adakah anda ingin menghentikan pemasangan simulator?	Чи бажаєте зупинити встановлення симулятора?
Label	customer_connect	联系客服	聯繫我們	Customer service	고객센터	Fanpage	ติดต่อบริการลูกค้า	Customer service	お問い合わせ	Свяжитесь с нами	Atendimento ao Cliente	Servicio al Cliente	الاتصال بخدمة العملاء	Customer service	Customer service	Customer service	Customer service	Customer service	Customer service	Customer service
Label	install_error_tip2	安装失败，请尝试安装至其他磁盘，或暂时关闭杀毒软件后重新安装	安裝失敗，請嘗試安裝至其他磁碟，或者暫時關閉殺毒軟體後重新安裝。	Installation failed, please try to change your install path or temporarily disable your antivirus and reinstall	설치 도중에 문제가 발생하였습니다. 설치 경로를 다른 드라이브로 변경하시거나 백신프로그램을 끄고 다시 시도해 주세요	Lỗi cài đặt! Vui lòng thử chỉnh sang ổ khác để cài đặt lại, hoặc tạm tắt phần mềm diệt virus sau đó thử lại	การติดตั้งล้มเหลว โปรดลองติดตั้งไปที่ดิส์กอื่นหรือปิดโปรแกรมไวรัสก่อนการติดตั้ง	Installation failed, please try to change your install path or temporarily disable your antivirus and reinstall	インストールエラー、インストール先を変更するか、一時的にウイルス対策ソフトウェアを無効にして再インストールしてください	Установка не удалась. Попробуйте изменить папку установки или временно отключите антивирус и переустановите эмулятор. 	A instalação falhou, tente alterar o caminho de instalação ou desative temporariamente o seu antivírus e reinstale. 	Instalación fallida. Intenta cambiar la carpeta de instalación o desactiva temporalmente el software antivirus antes de volver a instalar.	فشل التثبيت، الرجاء محاولة تغيير قرص التثبيت أو إغلاق برنامج مكافحة الفيروسات مؤقتًا ثم إعادة التثبيت	Installation failed, please try to change your install path or temporarily disable your antivirus and reinstall	Installation failed, please try to change your install path or temporarily disable your antivirus and reinstall	Installation failed, please try to change your install path or temporarily disable your antivirus and reinstall	Installation failed, please try to change your install path or temporarily disable your antivirus and reinstall	Installation failed, please try to change your install path or temporarily disable your antivirus and reinstall	Installation failed, please try to change your install path or temporarily disable your antivirus and reinstall	Installation failed, please try to change your install path or temporarily disable your antivirus and reinstall
Label	customerLink	https://discord.com/invite/9BanqRjUtc	https://www.facebook.com/tw.ldplayer/	https://discord.gg/xHzXkgXw4X	https://cafe.naver.com/ldplayer	https://www.facebook.com/vi.ldplayer	https://www.facebook.com/th.ldplayer	https://discord.com/invite/9BanqRjUtc	https://discord.com/invite/GeE2Gu9ruk	https://vk.com/ldplayer	https://www.facebook.com/pt.ldplayer/	https://www.facebook.com/es.ldplayer/	https://discord.com/invite/9BanqRjUtc	https://discord.com/invite/9BanqRjUtc	https://discord.com/invite/9BanqRjUtc	https://discord.com/invite/9BanqRjUtc	https://discord.com/invite/9BanqRjUtc	https://discord.com/invite/9BanqRjUtc	https://discord.com/invite/9BanqRjUtc	https://discord.com/invite/9BanqRjUtc
Label	retry	重试	重試	Retry	다시 시도	Thử lại	ลองอีกครั้ง	Retry	再試行	Повторить попытку	Repetir	Retry	إعادة المحاولة	Retry	Retry	Retry	Retry	Retry	Retry	Retry
Label	downloading_error_tip	连接服务器超时，下载中断	連接伺服器超時，下載中斷	Sever connection timed out, download is interrupted 	서버 연결 시간이 초과되어 다운로드가 중단되었습니다	Kết nối server không thành công, tạm dừng tải	เชื่อมต่อเซิร์ฟเวอร์หมดเวลา การดาวน์โหลดถูกขัดจังหวะ	Sever connection timed out, download is interrupted 	サーバーへの接続がタイムアウトし、ダウンロードが中断された	Время соединения с сервером истекло, и загрузка прервалась	Conexão com o servidor expirou, download interrompido	Sever connection timed out, download is interrupted 	انتهت مهلة الاتصال بالخادم وتم مقاطعة التنزيل	Sever connection timed out, download is interrupted 	Sever connection timed out, download is interrupted 	Sever connection timed out, download is interrupted 	Sever connection timed out, download is interrupted 	Sever connection timed out, download is interrupted 	Sever connection timed out, download is interrupted 	Sever connection timed out, download is interrupted 
Label	MsgBox_xp	此软件版本与正在运行的windows版本不兼容\r\n请更新为windows 7以上版本后重新安装	此應用程式與當前Windows規格版本不相容\r\n請更新為Windows7以上作業系統後重新安裝	This version is not compatible with current Windows system\r\nPlease update to versions higher than Win 7 and reinstall	이 소프트웨어는 Windows 버전과 호환되지 않습니다. \r\nWindows 7 이상 버전으로 업데이트 후 다시 시도해 주세요	Phiên bản LDPlayer này không tương thích với Windows hiện tại\r\nVui lòng cập nhật sang Windows 7 hoặc trở lên để tiếp tục cài đặt lại	ซอฟต์แวร์เวอร์ชันนี้เข้ากันไม่ได้กับเวอร์ชัน Windows ที่ทำงานอยู่\r\nโปรดอัปเดตเป็น Windows 7 หรือสูงกว่าแล้วติดตั้งใหม่	Versi perangkat lunak ini tidak kompatibel dengan versi Windows yang sedang berjalan.\r\nHarap perbarui ke versi Windows 7 atau yang lebih tinggi sebelum menginstal ulang.	このソフトのバージョンは現在のWindowsバージョンと互換性がありません。\r\nWindows 7以上にアップデートして再インストールしてください	Эта версия программы несовместима с работающей версией Windows.\r\nОбновите систему до Windows 7 или выше и переустановите снова.	Esta versão do software não é compatível com a versão do Windows em execução\r\nPor favor, atualize para o Windows 7 ou superior e reinstale	Esta versión de software no es compatible con la versión de Windows que está en ejecución. Por favor, actualiza a una versión de Windows 7 o superior y vuelve a instalar.	إصدار البرنامج هذا غير متوافق مع إصدار Windows قيد التشغيل\r\nالرجاء التحديث إلى Windows 7 أو الإصدارات الأحدث وإعادة تثبيته	Bu yazılım sürümü, çalışmakta olan Windows sürümü ile uyumsuzdur.\r\nLütfen yeniden yüklemek için Windows 7 veya üzeri bir sürüme güncelleyin.	La version de ce logiciel n'est pas compatible avec la version de Windows en cours d'exécution.\r\nVeuillez mettre à jour vers une version de Windows 7 ou supérieure avant de réinstaller.	Diese Softwareversion ist nicht mit der aktuellen Windows-Version kompatibel.\r\nBitte aktualisieren Sie auf Windows 7 oder höher, bevor Sie neu installieren.	Questa versione del software non è compatibile con la versione di Windows attualmente in esecuzione.\r\nSi prega di aggiornare a Windows 7 o versioni successive prima di procedere con la reinstallazione.	این نسخه نرم‌افزار با نسخه جاری ویندوز سازگار نیست.\r\nلطفاً پیش از نصب مجدد، به ویندوز 7 یا نسخه‌های بالاتر ارتقا دهید.	Versi perisian ini tidak serasi dengan versi Windows yang sedang berjalan.\r\nSila kemas kini ke Windows 7 atau versi yang lebih tinggi sebelum memasang semula.	Ця версія програмного забезпечення несумісна з поточною версією Windows, що працює.\r\nБудь ласка, оновіть до Windows 7 або вище перед повторною установкою.
Label	MsgBox_32	当前模拟器不兼容 32 位操作系统，请下载兼容版本	當前模擬器與32位元作業系統不相容，請下載相容版本模擬器	This version is not compatible with 32-bit system, please download the recommended version	이 LDPlayer 버전은 Windows 64비트에만 설치됩니다. Windows 32비트와 호환되는 LDPlayer 버전을 다운로드해 주세요	Phiên bản LDPlayer hiện tại không tương thích với Windows 32-bit. Vui lòng tải LDPlayer phiên bản tương thích	โปรแกรมจำลองปัจจุบันเข้ากันไม่ได้กับระบบปฏิบัติการ 32 บิต โปรดดาวน์โหลดเวอร์ชันที่รองรับ	Emulator saat ini tidak kompatibel dengan sistem operasi 32 bit, silakan unduh versi yang kompatibel.	現在のLDPLayerーは32bitのオペレーティングシステムと互換性がありません。互換性のあるバージョンをダウンロードしてください	Текущий эмулятор несовместим с 32-битными операционными системами. Загрузите совместимую версию.	O emulador atual não é compatível com o sistema operacional de 32 bits, por favor, baixe a versão compatível	El emulador actual no es compatible con sistemas operativos de 32 bits. Por favor, descarga una versión compatible.	المحاكي الحالي غير متوافق مع أنظمة التشغيل 32 بت، يرجى تنزيل إصدار متوافق	Mevcut emulator, 32 bit işletim sistemleri ile uyumsuzdur, lütfen uyumlu bir sürüm indirin.	L'émulateur actuel n'est pas compatible avec les systèmes d'exploitation 32 bits. Veuillez télécharger une version compatible.	Der aktuelle Emulator ist nicht mit 32-Bit-Betriebssystemen kompatibel. Bitte laden Sie eine kompatible Version herunter.	L'attuale emulatore non è compatibile con sistemi operativi a 32 bit. Si prega di scaricare una versione compatibile.	این شبیه‌ساز کننده در حال حاضر با سیستم‌عامل ۳۲ بیت سازگار نیست. لطفاً نسخه‌ای سازگار را دانلود کنید.	Emulator semasa tidak serasi dengan sistem operasi 32 bit. Sila muat turun versi yang serasi.	Поточний емулятор несумісний з 32-бітною операційною системою. Будь ласка, завантажте сумісну версію.
Label	jump_download	前往下载	前往下載	Download	다운로드	Tải ngay	ดาวน์โหลด	Pergi ke unduhan	ダウンロードへ	Загрузить	Ir para baixar	Ir a la descarga	الانتقال للتنزيل	İndirme için git	Aller au téléchargement	Zum Download gehen	Vai al download	به دانلود برو	Pergi ke muat turun	Перейти до завантаження
Label	do_exit	退出	關閉	Exit	종료	Thoát	ออก	Keluar	終了	Выход	Sair	Salir	الخروج	Çıkış	Quitter	Beenden	Esci	خروج	Keluar	Вийти
Label	change_path_tip	如果更改安装路径，将无法读取本地已安装的雷电模拟器的数据。您确定要更改吗？	如果更新安裝路徑，將無法讀取本地已安裝的雷電模擬器數據。需要更改嗎？	Installed data can not be read if you change the installation path, are you sure you want to change the path?	설치 경로를 변경하면 기존 LDPlayer의 데이터를 불러올 수 없습니다. 계속하시겠습니까?	Nếu sửa lộ trình cài đặt, sẽ không thể đọc dữ liệu của phiên bản LDPlayer đã được cài đặt trước đây tại lộ trình khác trên máy tính. Xác nhận tùy chỉnh?	หากคุณเปลี่ยนเส้นทางการติดตั้ง ข้อมูลของโปรแกรมจำลองที่ติดตั้ง<n>ในเครื่องจะไม่ถูกอ่าน คุณแน่ใจหรือไม่ว่าต้องการเปลี่ยน	Jika Anda mengubah jalur instalasi, Anda tidak akan dapat membaca data emulator Tencent yang telah diinstal secara lokal. Apakah Anda yakin ingin mengubahnya?	インストールパスを変更すると、ローカルにインストールされているLDPlayerのデータを読み取ることができなくなります。変更しますか？	Если вы измените путь установки, данные локально установленного эмулятора LDPlayer не будут считаны. Вы уверены, что хотите изменить его?	Se você alterar o caminho de instalação, não será possível ler os dados do emulador LDPlayer instalado localmente. Tem certeza de que deseja alterar?	Si cambias la ruta de instalación, no podrás leer los datos locales ya instalados de LDPlayer. ¿Todavía deseas cambiarla?	إذا قمت بتغيير مسار التثبيت، فلن تتم قراءة بيانات المحاكي المثبت محليًا السابقة. هل أنت متأكد أنك تريد تغييره؟	Eğer kurulum yolu değiştirilirse, yerel olarak yüklenmiş Tencent emulator'ün verilerini okuyamayacaksınız. Değiştirmek istediğinizden emin misiniz?	Si vous modifiez le chemin d'installation, les données de l'émulateur Tencent déjà installé localement ne pourront pas être lues. Êtes-vous sûr de vouloir effectuer cette modification ?	Wenn Sie den Installationspfad ändern, können die Daten des lokal installierten Thunder Emulators nicht mehr gelesen werden. Sind Sie sicher, dass Sie das ändern möchten?	Se si modifica il percorso di installazione, non sarà possibile leggere i dati dell'emulatore Thunder già installato localmente. Sei sicuro di voler procedere con la modifica?	اگر مسیر نصب را تغییر دهید، دیگر اطلاعات شبیه‌ساز Thunder که به صورت محلی نصب شده است، قابل خواندن نخواهد بود. آیا مطمئن هستید که می‌خواهید تغییر دهید؟	Jika menukar laluan pemasangan, data emulator Thunder yang telah dipasang di tempatan tidak dapat dibaca. Adakah anda pasti mahu menukar?	Якщо змінити шлях встановлення, дані емулятора Thunder, вже встановлені локально, не буде можна прочитати. Ви впевнені, що хочете змінити?
Label	path_noice	安装建议	安裝建議	Installation tips	주의	Gợi ý	คำแนะนำ	Saran instalasi	推奨事項	Рекомендации по установке	Recomendação de instalação	Consejo de instalación	اقتراح التثبيت	Kurulum önerileri	Conseils d'installation	Installationshinweis	Consigli per l'installazione	پیشنهاد نصب	Cadangan pemasangan	Рекомендації щодо установки
Label	path_more	该目录的磁盘可用空间较少，可能会影响安装游戏与下载资源，建议选择空间更大的%s盘。需要更改吗？	該目錄的磁碟可用空間較少，可能會影響安裝遊戲與下載資源，建議選擇空間更大的本機磁碟(%s)。需要變更嗎？	There is not enough space available on this disk for installation, it's recommended to use Disk %s, do you want to change the path?	하드디스크 용량이 부족하여 게임 설치 및 리소스 다운로드에 문제가 발생할 수 있습니다. 디스크 용량이 충분한 %s 드라이브에 설치하시겠습니까?	Dung lượng ổ này đang quá ít, có thể sẽ dẫn tới lỗi tải tài nguyên game và tải file về LDPlayer. Đề nghị chọn ổ %s đang có dung lượng rộng hơn. Xác nhận chỉnh?	ดิสก์ที่เลือกมีจำหนวนที่ว่างไม่เยอะ ซึ่งอาจส่งผลต่อการติดตั้งเกมและการดาวน์โหลดทรัพยากร ขอแนะนำให้เลือกดิสก์ %s ที่มีพื้นที่ขนาดใหญ่กว่า จะต้องการเปลี่ยนหรือไม่？	Ruang disk dalam direktori ini terbatas, yang mungkin mempengaruhi instalasi game dan unduhan sumber daya. Disarankan untuk memilih disk %s yang memiliki ruang lebih besar. Apakah Anda ingin mengubahnya?	ディレクトリのディスク空き容量が少ないため、ゲームのインストールやリソースのダウンロードに影響を与える可能性があります。より大きな%sドライブを選択することをお勧めします。変更しますか？	В этом каталоге меньше свободного места на диске, что может повлиять на установку игр и загрузку ресурсов. Рекомендуется выбрать диск %s с большим объемом. Хотите изменить?	O espaço livre em disco deste diretório é pequeno, o que pode afetar a instalação de jogos e o download de recursos. Recomenda-se escolher um disco com mais espaço, como o disco %s. Deseja alterar?	Espacio disponible insuficiente, lo que puede afectar la instalación de juegos y la descarga de recursos. Se recomienda seleccionar un disco con más espacio, como Disco %s.  ¿Quieres cambiar?	يحتوي القرص الذي يوقع به هذا الدليل على مساحة خالية أقل، مما قد يؤثر على تثبيت الألعاب وتنزيل الموارد. يوصى باختيار قرص %s بمساحة أكبر. هل تريد التغيير؟	Bu dizindeki disk alanı kısıtlı, oyun kurulumunu ve kaynak indirmeyi etkileyebilir, daha büyük bir %s disk seçmeniz önerilir. Değiştirmek istiyor musunuz?	L'espace disque disponible dans ce répertoire est limité, ce qui peut affecter l'installation des jeux et le téléchargement des ressources. Il est recommandé de choisir un disque %s avec un espace plus important. Souhaitez-vous apporter des modifications ?	Der verfügbare Festplattenspeicher in diesem Verzeichnis ist begrenzt und kann die Installation von Spielen und den Download von Ressourcen beeinträchtigen. Es wird empfohlen, ein Laufwerk mit mehr Platz, z.B. %s, auszuwählen. Möchten Sie das ändern?	Lo spazio disponibile sul disco in questa directory è limitato e potrebbe influenzare l'installazione dei giochi e il download delle risorse. Si consiglia di selezionare un disco più grande, ad esempio %s. Desideri apportare modifiche?	فضای دیسک در این دایرکتوری محدود است و ممکن است بر روی نصب بازی و دانلود منابع تأثیر بگذارد. توصیه می‌شود یک درایو با فضای بیشتر، مانند %s، را انتخاب کنید. آیا می‌خواهید تغییر دهید؟	Ruangan cakera yang terdapat dalam direktori ini adalah terhad dan boleh memberi kesan kepada pemasangan permainan dan muat turun sumber. Disarankan untuk memilih cakera %s yang lebih besar. Adakah anda ingin menukar?	Вільного простору на диску в цьому каталозі досить мало, що може вплинути на установку ігор та завантаження ресурсів. Рекомендується вибрати диск %s з більшим простором. Хочете змінити?
Label	path_ssd	该目录位于机械硬盘 (%s盘)，可能会导致游戏卡顿，建议选择更流畅、稳定的固态硬盘 (%s盘) 。需要更改吗？	該目錄位於機械硬碟本機磁碟(%s)，可能會導致遊戲卡頓，建議選擇更順暢穩定的固態硬碟本機磁碟 (%s) 。需要變更嗎？	HDD (Disk %s) may lead to game stuttering, please choose SSD (Disk %s) for better performance, do you want to change the path?	HDD(%s 드라이브)에 설치하면 렉걸림, 속도 느려짐 현상이 발생할 수 있습니다. SSD(%s 드라이브)에 설치하시겠습니까?	Thư mục này đang nằm ở ổ HDD (ổ %s) tốc độ chậm, có thể sẽ dẫn đến việc chạy game bị giật lag. Đề nghị chọn ổ SSD (ổ %s) để ổn định và nhanh hơn. Xác nhận tùy chỉnh?	ไดเร็กทอรีนี้อยู่บนฮาร์ดไดรฟ์ (ไดรฟ์ %s) ซึ่งอาจทำให้เกมค้างได้ ขอแนะนำให้เลือก SSD (ไดรฟ์ %s) ที่ราบรื่นและเสถียรยิ่งขึ้น จะต้องการเปลี่ยนหรือไม่？	Direktori ini berada di hard disk mekanis (%s), yang mungkin menyebabkan lag dalam permainan. Disarankan untuk memilih solid-state drive (%s) yang lebih lancar dan stabil. Apakah Anda ingin mengubahnya?	このディスクは機械式ハードディスク（ディスク%s）にあり、ゲームの遅延の原因となる可能性があります。よりスムーズで安定したSSD（%sディスク）を選択することをお勧めします。変更しますか？	Этот каталог расположен на жестком диске (диск %s), что может привести к зависанию игры. Рекомендуется выбрать более плавный и стабильный твердотельный накопитель (диск %s). Хотите изменить?	Este diretório está localizado em um disco rígido mecânico (disco %s), o que pode causar atrasos no jogo. Recomenda-se escolher um disco de estado sólido mais fluido e estável (disco %s). Deseja alterar?	Este directorio está en un disco duro mecánico (Dicso %s), lo que puede causar ralentizaciones en los juegos. Se recomienda seleccionar un disco duro de estado sólido más fluido y estable (Disco%s). ¿Quieres cambiar?	يوقع هذا الدليل على محرك الأقراص الثابتة (محرك الأقراص %s)، مما قد يتسبب في عالق اللعبة. من المستحسن اختيار محرك أقراص الحالة الصلبة أكثر سلاسة واستقرارًا (محرك الأقراص %s). هل تريد التغيير؟	Bu dizin, mekanik bir hard diskte (%s disk) bulunuyor, bu da oyunlarda takılmaya neden olabilir. Daha akıcı ve stabil bir SSD'yi (%s disk) seçmeniz önerilir. Değiştirmek istiyor musunuz?	Ce répertoire est situé sur un disque dur mécanique (%s), ce qui peut entraîner des ralentissements dans les jeux. Il est recommandé de choisir un disque SSD (%s) plus fluide et stable. Souhaitez-vous apporter des modifications ?	Dieses Verzeichnis befindet sich auf einer mechanischen Festplatte (%s), was zu Verzögerungen in Spielen führen kann. Es wird empfohlen, eine flüssigere und stabilere SSD (%s) zu wählen. Möchten Sie das ändern?	Questa directory è situata su un disco rigido meccanico (%s), il che potrebbe causare rallentamenti nei giochi. Si consiglia di optare per un disco a stato solido (%s) più fluido e stabile. Desideri apportare modifiche?	این دایرکتوری بر روی یک هارد دیسک مکانیکی (%s) قرار دارد که ممکن است در بازی‌ها باعث کندی شود. توصیه می‌شود که یک هارد دیسک حالت جامد (SSD) (%s) با سرعت و پایداری بیشتر را انتخاب کنید. آیا می‌خواهید تغییر دهید؟	Direktori ini terletak pada cakera keras mekanikal (%s), yang mungkin menyebabkan permainan tergantung. Disarankan untuk memilih cakera keras padat (%s) yang lebih lancar dan stabil. Adakah anda ingin menukar?	Цей каталог розташований на механічному жорсткому диску (%s), що може призвести до зависання гри. Рекомендується вибрати більш швидкий і стабільний твердотільний диск (SSD) (%s). Хочете змінити?
Label	path_ok	好的	好的	Yes	확인	Yes	เปลี่ยน	Baiklah	変更する	OK	Ok	Okey	حسنًا	Tamam	D'accord	Ja	Sì	بله	Okey	Так
Label	path_not	不，谢谢	不，謝謝	No, thanks	취소	No	ไม่ ขอบคุณ	Tidak, terima kasih	キャンセル	Нет	Não, obrigado	No, gracias	لا، شكرا	Hayır	Non	Nein	No	نه	Tidak	Ні
Label	MsgBox_accept_protocol	必须接受协议才能安装！	必須接受協議才能安裝！	Please accept protocol	LDPlayer를 설치하기 위해서는 반드시 이용약관에 동의하셔야 합니다	Xin vui lòng chọn [Thoả Thuận] trước!	ต้องยอมรับข้อตกลงจึงสามารถติดตั้งได้	Harap terima protokol	ソフトウェア利用許諾契約を同意する必要があります	Приняйте соглашение, чтобы установить	É preciso aceitar acordo！	¡Debes aceptar el acuerdo antes de instalar!	الرجاء قبول الاتفاقية	Lütfen protokolü kabul edin	Veuillez accepter le protocole	Vor der Installation musst du die Vereinbarung akzeptieren!	Devi accettare l'accordo per poter installare!	لطفا پروتکل را بپذیرید	Anda perlu menerima perjanjian untuk memasang!	Необхідно прийняти угоду для встановлення!
Label	MsgBox_error_path	文件路径无效！请重新输入。	文檔路徑無效！請重新輸入。	Error file path	올바르지 않은 경로입니다. 다시 확인해 주십시오	Đường dẫn này không hợp lệ, vui lòng chọn lại	เส้นทางไฟล์ไม่ถูกต้อง กรุณาป้อนใหม่	Jalur file kesalahan	ファイルパスのエラー	Неверный путь к файлу! Пожалуйста, введите заново.	Caminho inválido de arquivos！Dogote novamente	Ruta de archivo no válida, intenta nuevamente	مسار الملف غير صالح! الرجاء إدخال مرة أخرى	Hata dosya yolu	Erreur du chemin du fichier	Dateipfad ist ungültig. Bitte neu eingeben.	Percorso del file non valido! Per favore, inseriscilo nuovamente.	مسیر پرونده خطا	Laluan fail tidak sah! Sila masukkan semula.	Невірний шлях до файлу! Будь ласка, введіть знову.
Label	MsgBox_disk_notEnough	磁盘空间不足！请保证磁盘空间在6G以上。	磁碟空間不足！請更換路徑或清理空間。	Disk space not enough	하드디스크의 용량이 부족합니다. 다른 드라이브에 설치하시거나 8기가 이상의 용량을 확보해 주세요	Dung lượng ổ này không đủ rộng để chạy bình thường LDPlayer!	พื้นที่ของดิสก์ไม่เพียงพอ โปรดเปลี่ยนเส้นทางหรือล้างพื้นที่	Ruang disk tidak cukup	ディスク容量が不足しています	Недостаточно места на диске! Пожалуйста, измените путь или очистите пространство.	Espaço insuficiente de disco！Mude caminho ou limpe espaço.	Espacio en disco insuficiente	مساحة القرص غير كافية	Disk alanı yetersiz	Espace disque insuffisant	Der Speicherplatz, der dem Emulator zur Verfügung steht, reicht nicht aus. Bitte lösche den Speicher oder wechsle den Pfad.	Spazio su disco insufficiente! Cambia percorso o libera spazio.	فضای دیسک کافی نیست	Ruang cakera tidak mencukupi! Sila tukar laluan atau bersihkan ruang.	Недостатньо місця на диску! Змініть шлях або очистіть простір.
Label	Label_choice_path	请选择安装路径	請選擇安裝路徑	Please select file path	설치 경로를 지정해 주십시오	Vui lòng chọn đường dẫn cài đặt	โปรดเลือกเส้นทางการติดตั้ง	Pilih jalur file	パスを選択する	Пожалуйста, выберите путь	Selecione caminho de instalação	Elegir ruta de instalación	الرجاء تحديد مسار التثبيت	Lütfen dosya yolunu seçin	Veuillez sélectionner le chemin du fichier	Wähle den Installationspfad aus	Seleziona il percorso di installazione	لطفا مسیر پرونده را انتخاب کنید	Sila pilih laluan pemasangan	Будь ласка, виберіть шлях встановлення
Label	MSGBox_noice	提示	提示	Prompt	알림	Lời nhắc	การแจ้งเตือน	Prompt	お知らせ	Подсказка	Dicas 	Aviso	توجيه	Operasyon ipuçları	Notification	Hinweis	Prompt dell'operazione	سریع	Petunjuk operasi	Підказки з операції
Label	MsgBox_exit	是否停止安装模拟器？	確定要取消安裝模擬器？	Do you want to stop the installation?	LDPlayer 설치를 취소하시겠습니까?	Hủy cài đặt LDPlayer?	แน่ใจหรือที่จะหยุดการติดตั้งโปรเเกรม？	Apakah Anda ingin menghentikan penginstalan?	インストールを中止しますか？	Вы уверены, что прекратить установку?	Quer parar a instalação de emulador?	¿Deseas cancelar la descarga del emulador?	هل تريد إيقاف التثبيت؟	Kurulumu durdurmak istiyor musunuz?	Voulez-vous arrêter l'installation?	Bist du sicher, die Installation des Emulators zu stoppen?	Vuoi interrompere l'installazione del simulatore?	آیا می خواهید نصب را متوقف کنید؟	Adakah anda ingin menghentikan pemasangan simulator?	Чи бажаєте зупинити встановлення симулятора?
Label	sure	确定	確定	Sure	확인	Xác nhận	ยืนยัน	Konfirmasi	確認	ОК	Comfirmar	Confirmar	تأكيد	Evet	Confirmer	Besätigen	Conferma	مطمئن	Pasti	Так
Label	cancel	取消	取消	Cancel	취소	Không	ยกเลิก	Batalkan	キャンセル	Отмена	Cancelar	Cancelar	إلغاء	İptal	Annuler	Abbrechen	Annulla	لغو	Batal	Скасувати
Label	browser	选择路径	瀏覽	Browse...	찾아보기...	Chọn	ดู	Browse...	パスの選択	Обзор	Browse	Elegir ruta	تصفح ...	Araştır...	Explorez	Bitte wähle den Pfad	Seleziona percorso	مرور کردن...	Pilih laluan	Виберіть шлях
Label	Label_path_error	请选择正确的安装路径	請選擇正確的安裝路徑	File path error!	설치 경로가 올바르지 않습니다	Vui lòng chọn đường dẫn chính xác	โปรดเลือกเส้นทางการติดตั้งที่ถูกต้อง	Pilih jalur instalasi yang benar	ファイルパスエラー！	Пожалуйста, выберите правильный путь	Selecione o caminho correto de instalação	Elijas la ruta correta de instalación	الرجاء تحديد مسار التثبيت الصالح	Dosya yolu hatası!	Erreur du chemin du fichier	Bitte wähle den richtigen Pfad	Per favore, seleziona il percorso di installazione corretto.	خطای مسیر پرونده!	Sila pilih laluan pemasangan yang betul.	Будь ласка, виберіть правильний шлях встановлення.
Label	Button_install_define	自定义安装	自訂安裝	Setup path	사용자 정의	Tùy chỉnh	การติดตั้งที่กำหนดเอง	Setup jalur	カスタム	Выборочная установка	Instalação personalizada	Instalación personalizada	تخصيص التثبيت	Kurulum yolu	Configurer le chemin	Benutzerdefinierte Installation	Installazione personalizzata	مسیر راه اندازی	Pemasangan kustom	Призначена установка
Label	Button_install_back	返回	返回	Back	뒤로	Quay lại	กลับ	Kembali	戻る	Назад	Volte à instalação rápida	Volver a la instalación rápida	رجوع	Geri	Retour	Zurück zur Schnellinstallation	Indietro	بازگشت	Kembali	Назад
Label	protocol_accept	已阅读并同意雷电模拟器	已閱讀並同意雷電模擬器	Read and agree to LDPlayer	라이선스를 읽었으며 동의하기 >  	Đã đọc và đồng ý với >	ได้อ่านและยอมรับโปรเเกรม LDPlayer	Baca dan setujui LDPlayer	LDPlayer	Прочитали и согласены с	Li e aceito LDPlayer	Leer y aceptar LDPlayer	قد قرأت ووافقت علىLDPlayer	LDPlayer'ı okuyun ve kabul edin	Lu et approuvé	Lesen und akzeptieren	Ho letto e accetto il LDPlayer	LDPlayer را بخوانید و با آن موافقت کنید	Saya telah membaca dan bersetuju dengan LDPlayer	Я прочитав і згоден з умовами використання симулятора LDPlayer
Label	install_protocol_read	已阅读并同意	已閱讀並同意	I've read and agree to		Đã đọc và đồng ý với 	ได้อ่านและเห็นด้วย	I've read and agree to	同意のご確認	I've read and agree to	Eu li e concordo com	He leído y acepto	لقد قرأت ووافقت على	I've read and agree to	J'ai lu et j'accepte	Gelesen und akzeptiert	I've read and agree to	I've read and agree to	I've read and agree to	I've read and agree to
Label	protocol_accept_btn	许可协议	許可協議	Licensing Protocol	전문 보기	[Thỏa Thuận Cấp Phép]	ข้อตกลงการใช้	Protokol Lisensi	利用許諾契約を読み、同意する	Поль. соглашение	Contrato de licença	Protocolo de Licencias	اتفاقية الترخيص	Lisans Protokolü	Protocole de Licence	Lizenzprotokoll	Accordo di licenza	پروتکل اراضی	Perjanjian Lesen	Ліцензійна угода
Label	progress_downloading_label	正在下载	正在下載	Downloading	다운로드 중	Đang tải	กำลังดาวน์โหลด	Mendownload	ダウンロード中	Загрузка	Baixando	Descargando	جار التنزيل	İndiriliyor	Téléchargement	Downloading	Download in corso	در حال بارگیری	Sedang dimuat turun	Завантаження в процесі
Label	progress_downloading_label2	正在下载	正在下載	Downloading	다운로드 중	Đang tải	กำลังดาวน์โหลด	Mendownload	ダウンロード中	Загрузка	Baixando	Descargando	جار التنزيل	İndiriliyor	Téléchargement	Downloading	Scaricando	در حال بارگیری	Sedang dimuat turun	Завантаження
Label	progress_download_label	下载	下載	Download	다운로드	Tải	ดาวน์โหลด	Download	ダウンロード中	Загрузить	Baixar	Descargar	تنزيل	İndir	Télécharger	Herunterladen	Download	در حال بارگیری	Muat turun	Завантажити
Label	progress_install_label	安装	安裝	Install	설치	Cài đặt	ติดตั้ง	Install	インストール中	Установить	Instalar	Instalar	تثبيت	Düzenle	Installer	Intallieren	Installazione	نصب	Pasang	Встановити
Label	progress_finish_label	完成	完成	Complete	완료	Hoàn tất	เสร็จสิ้น	Selesai	完了	Завершено	Concluído	Terminado	اكتمل	Tamamla	Fini	Abgeschlossen	Completato	انجام داده	Selesai	Завершено
Label	Label_installingapp_waiting	正在安装	正在安裝	Installing	설치 중...	Đang cài đặt	กำลังติดตั้ง	Menginstal	インストール中	Установка	Instalando	Descargando	جار التثبيت	Düzenliyor	En cours d'installer	Installieren...	Installazione in corso	در حال نصب	Sedang dipasang	Установка в процесі
Label	homepage	官网：	官網：	Home page:	홈페이지: 	Website	เว็บไซต์:	Situs resmi:	公式サイト：	Официальный сайт:	Site Oficial：	Web oficial：	الصفحة الرئيسية:	Ana sayfa:	Site officiel：	Offizielle Website:	Sito ufficiale:	صفحه نخست:	Laman web rasmi:	Офіційний сайт:
Label	error	错误	錯誤	Error	에러	Lỗi!	ผิดพลาด	kesalahan	エラー	Ошибка	Erro	Error	حدث خطأ	Hata	Erreur	Fehler	Errore	خطا	Ralat	Помилка
Label	download_error_content	点击下方按钮前往官网下载安装包	下載失敗，請嘗試到官網重新下載。	Download error, please re-download from homepage.	다운로드에 실패했습니다. 설치 파일에 문제가 있을 수 있습니다. 설치 파일을 다시 다운로드해 주세요	Cài đặt không thành công, hãy tải lại file cài đặt [.exe] trên website chính thức LDPlayer	ดาวน์โหลดล้มเหลว กรุณาลองดาวน์โหลดใหม่ที่โฮมเพจ	Download gagal, coba download lagi dari situs resminya.	アイコンをクリックして公式サイトからインストールパッケージをダウンロードしてください	Загрузка не удалась. Пожалуйста, попробуйте загрузить ее снова на официальном сайте.	Erro de download, vai ao site oficial a baixar novamente	Error al descargar, intentes descargar en el sitio web oficial.	خطأ، الرجاء النقر فوق الأيقونة التالية للانتقال إلى الموقع الرسمي لإعادة التنزيل	İndirme hatası, lütfen ana sayfadan tekrar indirin.	Échec du téléchargement, veuillez télécharger à nouveau à partir du site officiel.	Herunterladen fehlgeschlagen. Bitte herunterlade auf die offizielle Website neu	Fai clic sul pulsante sottostante per scaricare il pacchetto di installazione dal sito ufficiale	خطا در بارگیری، لطفاً دوباره از صفحه اصلی بارگیری کنید.	Klik butang di bawah untuk pergi ke laman web rasmi dan muat turun pakej pemasangan	Натисніть кнопку нижче, щоб перейти на офіційний сайт і завантажити пакет встановлення
Label	go_homePage	重新下载	重新下載	Re-download	다운 받기	Tải lại	ดาวน์โหลดใหม่	Unduh ulang	再ダウンロード	Повторная загрузка	Baixar novamente	Descargar nuevamente	إعادة التنزيل	Tekrar indir	Télécharger à nouveau	Neu Herunterladen	Riscarica	بارگیری مجدد	Muat turun semula	Перезавантажити
Label	installing_exit_tip	请等待安装完成	請等待安裝完成。	Please wait for the installation to end.	설치하는 동안 잠시 기다려 주세요	Hãy chờ hoàn tất cài đặt	กรุณารอการติดตั้งเสร็จสิ้น	Harap tunggu hingga penginstalan selesai.	インストールが完了するまでお待ちください	Пожалуйста, дождитесь завершения установки	Aguarde a instalação terminar.	Espera a que se complete la instalación	برجاء انتظار انتهاء التثبيت.	Lütfen kurulumun bitmesini bekleyin.	Veuillez attendre la termination d'installation.	Bitte warte auf den Abschluss von Herunterladen	Attendi il completamento dell'installazione	لطفا منتظر بمانید تا نصب به پایان برسد.	Sila tunggu sehingga pemasangan selesai	Будь ласка, зачекайте, поки встановлення завершиться
Label	Reject	拒绝	拒絕	Reject	거부	NO	ปฏิเสธ	Menolak	キャンセル	Отказываться	Rejeitar	Rechazar	رفض	Reddet	Rejeter	Ablehnen	Rifiuta	رد کردن	Tolak	Відхилити
Label	Accept	接受	接受	Accept	확인	OK	ยอมรับ	Menerima	確認	Принять	Aceitar	Aceptar	قبول	Kabul et	Accepter	Akzeptieren	Accetta	تایید کنید	Terima	Прийняти
Label	Yes	是	是	Yes	확인	Yes	ใช่	Ya	はい	Да	Sim	Sí	نعم	Evet	Oui	Ja	Sì	بله	Ya	Так
Label	No	否	否	No	취소	No	ไม่	Tidak	いいえ	Нет	Não	No	لا	Hayır	Non	Nein	No	نه	Tidak	Ні
Label	accept_protocol	确认接受	確認接受	Accept	동의	Chấp nhận	ยอมรับ	Menerima	承諾する	Принять	Aceitar	Aceptar	قبول	Kabul et	Accepter	Akzeptieren	Conferma l'accettazione	تایید کنید	Sahkan penerimaan	Підтвердити прийняття
Label	titlename	雷电模拟器	雷電模擬器	LDPlayer	LDPlayer	LDPlayer	LDPlayer	LDPlayer	LDPlayer	LDPlayer	LDPlayer	LDPlayer	LDPlayer	LDPlayer	LDPlayer	LDPlayer	Simulatore di Thunder and Lightning	LDPlayer	Simulator Petir	Симулятор Thunder and Lightning
Label	installSucess	安装完成	安裝完成	Install Complete	LDPlayer 설치가 완료되었습니다	Đã cài đặt 100%	การติดตั้งเสร็จสมบูรณ์	Instal Selesai	インストール完了	Установка завершена	Instalado	Instalado con éxito	اكتمل التثبيت	Yükleme Tamamlandı	Installation terminée	Installation abgeschlossen	Installazione completata	نصب کامل	Pemasangan selesai	Установка завершена
Label	googleDriver_downloadingPage	点击下方按钮前往官网下载安装包	前往官網主頁下載完整安裝檔	Download the offline installation package from the official website homepage	홈페이지에서 설치 파일을 다시 다운 받아 주십시오	Truy cập website chính thức LDPlayer để tải	ไปเว็บทางการเพื่อดาวน์โหลดไฟล์การติดตั้งแบบออฟไลน์	Kunjungi situs resminya untuk mengunduh paket instalasi	ボタンをクリックして、公式サイトからインストールパッケージをダウンロードしてください	Перейти на официальный сайт, чтобы загрузить установочный пакет	Baixar pacote de instalação de Site oficial	Vayas al sitio web oficial para descargar el paquete de instalación	الرجاء النقر فوق الأيقونة التالية للانتقال إلى الموقع الرسمي لتنزيل حزمة التثبيت	Resmi web sitesi ana sayfasından çevrimdışı kurulum paketini indirin	Accéder au site officiel pour télécharger le package d'installation	Gehen Sie auf die offizielle Website, um das Installationspaket herunterzuladen	Fai clic sul pulsante sottostante per scaricare il pacchetto di installazione dal sito ufficiale	بسته نصب آفلاین را از صفحه اصلی وب سایت بارگیری کنید	Klik butang di bawah untuk pergi ke laman web rasmi dan muat turun pakej pemasangan	Натисніть кнопку нижче, щоб перейти на офіційний сайт і завантажити пакет встановлення
Label	googleDriver_downloadLow	下载异常？前往官网下载安装包	下載異常？從官網主頁下載安裝檔	The download went wrong? Go to the official website homepage to download the offline installation package	설치에 문제가 발생했다면, 번거로우시겠지만 설치 파일을 다시 다운로드해 주세요	Lỗi tải? Truy cập website chính thức để tải file cài đặt	ดาวน์โหลดผิดปกติ？ไปเว็บทางการเพื่อดาวน์โหลดไฟล์การติดตั้งแบบออฟไลน์	Download tidak normal? Kunjungi situs resminya untuk mengunduh paket instalasi	ダウンロードがエラー？ 公式サイトからインストールパッケージをダウンロードする	Ошибка при загрузке? Перейти на официальный сайт, чтобы загрузить установочный пакет	Erro de download, Baixar pacote de instalação de Site oficial	¿Error al descargar? Vayas al sitio web oficial para descargar el paquete de instalación	خطأ في التنزيل ؟ الرجاء النقر فوق الأيقونة التالية للانتقال إلى الموقع الرسمي لتنزيل حزمة التثبيت	İndirme yanlış mı? Çevrimdışı kurulum paketini indirmek için resmi web sitesi ana sayfasına gidin	Téléchargement anormal? Accéder au site officiel pour télécharger le package d'installation	Ungewöhniche Installation? Bitte herunterlade auf die offizielle Website neu	Problemi durante il download? Vai al sito ufficiale per scaricare il pacchetto di installazione	بارگیری اشتباه شد؟ برای بارگیری بسته نصب آفلاین به صفحه اصلی وب سایت بروید	Muat turun terganggu? Pergi ke laman web rasmi untuk muat turun pakej pemasangan	Проблеми зі завантаженням? Перейдіть на офіційний сайт для завантаження пакету встановлення
Label	googleDriver_downloadError	点击下方按钮前往官网下载安装包	前往官網主頁下載安裝檔	Go to the official website homepage to download the offline installation package	아래 버튼을 눌러 설치 파일을 다시 다운 받아주세요	Truy cập website chính thức để tải	ไป Google Drive เพื่อดาวน์โหลดไฟล์การติดตั้งแบบออฟไลน์	Kunjungi situs resminya untuk mengunduh paket instalasi	ボタンをクリックして、公式サイトからインストーラーをダウンロードしてください	Перейти на официальный сайт, чтобы загрузить установочный пакет	Baixar pacote de instalação de Site oficial	Vayas al sitio web oficial para descargar el paquete de instalación	الرجاء النقر فوق الأيقونة التالية للانتقال إلى الموقع الرسمي لتنزيل حزمة التثبيت	Çevrimdışı kurulum paketini indirmek için resmi web sitesi ana sayfasına gidin	Accéder au site officiel pour télécharger le package d'installation	Gehen Sie auf die offizielle Website, um das Installationspaket herunterzuladen	Fai clic sul pulsante sottostante per scaricare il pacchetto di installazione dal sito ufficiale	برای بارگیری بسته نصب آفلاین به صفحه اصلی وب سایت بروید	Klik butang di bawah untuk pergi ke laman web rasmi dan muat turun pakej pemasangan	Натисніть кнопку нижче, щоб перейти на офіційний сайт і завантажити пакет встановлення
Label	install_error_tip	模拟器安装失败	抱歉，安裝失敗	Sorry, the installation failed	설치에 실패하였습니다	Cài đặt LDPlayer không thành công	ขออภัย การติดตั้งล้มเหลว	Maaf, penginstalan gagal	インストールに失敗しました	Извините за то, что не удалось установить	Desculpe, não instalou com sucesso	Lo sentimos, la instalación falló	عذرًا، فشل التثبيت	Üzgünüz, kurulum başarısız oldu	Désolé, l'installation a échoué	Entschuldigung. Installation fehlgeschlagen	Installazione del simulatore fallita	ببخشید. نصب انجام نشد	Pemasangan simulator gagal	Помилка встановлення симулятора
Label	download_error_tip	模拟器下载失败	抱歉，下載失敗	Sorry, the download failed	다운로드에 설패하였습니다	Tải LDPlayer không thành công	ขออภัย ดาวน์โหลดล้มเหลว	Maaf, unduhan gagal	ダウンロードに失敗しました	Извините за то, что не удалось загрузить	Descuple, não baixou com sucesso	Lo sentimos, la descarga falló	معذرة، فشل التنزيل	Üzgünüz, indirme başarısız oldu	Désolé, le téléchargement a échoué	Entschuldigung. Herunterladen fehlgeschlagen	Download del simulatore fallito	ببخشید ،بارگیری انجام نشد	Muat turun simulator gagal	Помилка завантаження симулятора
Label	reDownload	重新下载	重新下載	Download again	다운 받기	Tải lại	ดาวน์โหลดใหม่	Unduh ulang	再ダウンロード	загрузка	Baixar novamente	Descargar nuevamente	إعادة التنزيل	Tekrar indir	Télécharger à nouveau	Neu Herunterladen	Riscarica	دوباره بارگیری کنید	Muat turun semula	Перезавантажити
Label	download_error_tip2	模拟器内核下载失败，请使用浏览器下载	模擬器內核下載失敗，請使用瀏覽器下載	Failed to download simulator kernel, please use browser to try	커널 다운로드에 실패하였습니다. 브라우저로 다시 다운 받아 주세요	Tải core giả lập không thành công, vui lòng sử dụng trình duyệt web để tải lại LDPlayer thử	เคอร์เนลโปรแกรมจำลองดาวน์โหลดล้มเหลว โปรดดาวน์โหลดด้วยเบราว์เซอร์	Gagal mengunduh kernel emulator, gunakan browser untuk mencoba	カーネルのダウンロードに失敗しました	Не удалось загрузить ядро ​​эмулятора, используйте браузер для загрузки.	Falha ao baixar o kernel do emulador, tente no navegador.	No se puede descargar el kernel del emulador, use el navegador para probar	فشل تنزيل نواة المحاكي، يرجى استخدام المتصفح للمحاولة	Simülatör çekirdeği indirilemedi, denemek için lütfen tarayıcıyı kullanın	Impossible de télécharger le noyau LDPlayer. Basculez vers le navigateur.	Download des Emulator-Kernels ist fehlgeschlagen. Bitte verwende einen Browser für Download.	Download del kernel del simulatore fallito, utilizza il browser per scaricare	هسته شبیه ساز بارگیری نشد ، لطفاً برای امتحان کردن از مرورگر استفاده کنید	Muat turun teras simulator gagal, sila gunakan pelayar untuk muat turun	Помилка завантаження ядра симулятора, будь ласка, використовуйте браузер для завантаження
Label	downloadBybrowser	用浏览器下载	用瀏覽器下載	Download by browser	다운 받기	Tải bằng trình duyệt web	ดาวน์โหลดด้วยเบราว์เซอร์	Unduh dengan browser	ブラウザでダウンロード	Скачать в браузере	Baixar pelo navegador	Descargar con navegador	تنزيل عن طريق المتصفح	Tarayıcı ile indir	Télécharger via le navigateur	Mit Browser herunterladen	Scarica con il browser	بارگیری توسط مرورگر	Muat turun dengan pelayar	Завантажити за допомогою браузера
Label	download_slowtip	下载慢了？使用浏览器下载更快哟	下載慢了？使用瀏覽器下載更快喲	Slow download? Download faster with browser	설치에 문제가 생겼다면 설치 파일을 다시 다운 받아 다시 시도하여 주세요	Tải chậm quá? Tải bằng trình duyệt web sẽ nhanh hơn	ดาวน์โหลดช้าหรือ ดาวน์โหลดด้วยเบราว์เซอร์เร็วกว่านะ	Download lambat? Unduh lebih cepat dengan browser	ダウンロードが遅い？ブラウザでより速くダウンロードする	Медленно скачивается? Скачайте быстрее в браузере	Baixar é lento? Baixe mais rápido com o navegador	¿Descarga lenta? Descarga más rápido con el navegador	التنزيل بطيء؟ نزّل بسرعة باستخدام المتصفح	Yavaş indirme? Tarayıcı ile daha hızlı indirin	Telechargement lent? Essayez avec le navigateur	Langsamer Download? Mit einem Browser geht es schneller	Il download è lento? Usa il browser per scaricare più velocemente	آهسته بارگیری می شود؟ با مرورگر سریعتر بارگیری کنید	Muat turun perlahan? Gunakan pelayar untuk muat turun lebih cepat	Завантаження повільне? Використовуйте браузер для швидкого завантаження
Label	download_close	关闭	關閉	Close	설치 취소	Tắt	ปิด	Tutup	閉じる	Закрыть	Fechar	Cerrar	إغلاق	Kapat	Fermer	Schließen	Chiudi	بسته	Tutup	Закрити
Label	facebook_tip	Facebook	Facebook	Discord	공식 카페	Fanpage	Facebook	Facebook	Twitter	ВКонтакте	Facebook	Facebook	Facebook	Facebook	Facebook	Facebook	Facebook	Facebook	Facebook	Facebook
Label	minimize_tip	最小化	最小化	Minimize	최소화	Thu nhỏ	ย่อ	Memperkecil	最小化	Свернуть	Minimizar	Minimizar	تصغير النافذة	Küçült	Minimiser	Minimieren	Riduci al minimo	بزرگنمایی حداقل	Kurangkan	Згорнути
Label	wait_check_install_environ	正在准备安装环境 ...	正在準備安裝環境...	Loading...	설치 환경을 확인하는 중...	Đang chuẩn bị cài đặt ...	กำลังเตรียมสภาพแวดล้อมการติดตั้ง...	Mempersiapkan lingkungan instalasi...	インストール環境を整えています...	Подготовка среды для установки...	Detectando o ambiente de instalação ...	Preparando del entorno de instalación ...	جارٍ تحضير بيئة التثبيت ...	Kurulum ortamı hazırlanıyor...	Préparation de l'environnement d'installation.	Installationsumgebung wird vorbereitet...	Preparazione dell'ambiente di installazione...	در حال آماده سازی محیط نصب	Menyediakan persekitaran pemasangan...	Підготовка серидовища до інсталяції...
Label	failLink	https://discord.gg/xHzXkgXw4X	https://www.facebook.com/ldplayer.tw	https://discord.gg/xHzXkgXw4X	https://cafe.naver.com/ldplayer		https://www.facebook.com/th.ldplayer	https://discord.gg/xHzXkgXw4X	https://x.com/LDPLayer_JP	https://vk.com/ldplayer	https://www.facebook.com/pt.ldplayer/	https://www.facebook.com/es.ldplayer/	https://discord.gg/xHzXkgXw4X	https://discord.gg/xHzXkgXw4X	https://discord.gg/xHzXkgXw4X	https://discord.gg/xHzXkgXw4X	https://discord.gg/xHzXkgXw4X	https://discord.gg/xHzXkgXw4X	https://discord.gg/xHzXkgXw4X	https://discord.gg/xHzXkgXw4X